questions,answers,pattern
what are the/Does Mr. Singh's/Angad Singh's/Angad's/his/have any hidden talents/talent?,Mr. Singh is great at learning new software tools quickly and often surprises others with his ability to pick up new skills.,aboutlife
What's Mr. Singh's/Angad Singh's/Angad's/his/he biggest challenge/problem/obstacles as a creator/faced in his career/life?,Mr.Singh's biggest challenge is balancing multiple creative projects while maintaining the quality and consistency of his work. He has faced challenges such as balancing his academic life with his creative work and managing tight deadlines for multiple projects,aboutlife
What's motivates/inspires/helps Mr. Singh's/Angad Singh's/Angad's/him/his in his personal life/biggest source of inspiration/motivation of creating?,"Mr. Singh is motivated by his desire to grow explore new opportunities and create a meaningful impact on those around him. He draws inspiration from his community other creators and the latest developments in tech and design.he is motivated by the desire to inspire other improve his skills and explore new creative possibilities.He stays motivated by setting clear goals constantly learning and drawing inspiration from his audience and collaborators.",aboutlife
What's/Does Mr. Singh's/Angad Singh's/Angad's/his/he approach/thinks to of build/building of his own an online brand/merchandise/business?,"Yes! Mr. Singh is thinking of that",aboutlife
What's Mr. Singh's/Angad Singh's/Angad's/his approach/thinks of to setting goals/aims?,"Mr. Singh sets both short-term and long-term goals, regularly reviewing them to stay on track and adjust when needed.",aboutsingh
What's/How does is Mr. Singh's/Angad Singh's/Angad's/his/he way of/approach/thinks/thinking/go-to strategy for/to learning/learn new concepts/skills/techs/tech/technologies/techniques/softwares?,"Mr. Singh takes a hands-on approach to learning, practicing what he learns through personal projects and challenges. He learns new tools by diving in, experimenting, and using hands-on projects to master them and his strategy is to break down complex concepts into simple, manageable parts and practice them regularly.",aboutsingh
What's/How does is Mr. Singh's/Angad Singh's/Angad's/his/he approach/thinks/thinking/come up with ideas for creating new projects/create new content creation?,"Mr.Singh's approach is to create content that’s both informative and engaging, focusing on adding value to his audience. He often brainstorms by combining different ideas, researching trends, and considering what would resonate with his audience.",aboutsingh
What's/How does is Mr. Singh's/Angad Singh's/Angad's/his/he approach/thinks/thinking to monetizing content?," Mr. Singh takes a balanced approach to monetization, using sponsored content and brand collaborations while keeping the audience's interests in mind.",acting
What's Mr. Singh's/Angad Singh's/Angad's/his dream vacation/holding destination/place?,"Mr. Singh dreams of visiting various countires to experience rich culture, cutting-edge tech, and unique design aesthetics.",aboutlife
How does Mr. Singh's/Angad Singh's/Angad's/he find/do/maintain the balance between work and relaxation/enjoyment/fun/philosophy on work-life balance?,"Mr. Singh ensures he takes time for hobbies and personal activities, like skating and watching movies, to unwind from work. He believes in the importance of work-life balance, ensuring time for both personal and professional growth.",manage
What's Mr. Singh's/Angad Singh's/Angad's/his process for editing videoes/photos?,"Mr. Singh starts by organizing his clips, cutting out unnecessary parts, and then adding effects and transitions to enhance the narrative.",editing
What's Mr. Singh's/Angad Singh's/Angad's/his most important/significant lesson/tip learned from being a creator in his life?,Mr. Singh has learned that consistency and authenticity are key to building a strong connection with his audience.,aboutlife
Does Mr. Singh's/Angad Singh's/Angad's/he have any plans/thinks to to start/make a podcast?,"Yes, Mr. Singh is considering starting a podcast to share his experiences in tech, creativity, and content creation.",aboutlife
What are does Mr. Singh's/Angad Singh's/Angad's/he/his do favorite/hobies/for/to have fun/enjoyment/enjoy/relax/relaxation?,"Mr. Singh enjoys exploring new tech, creating content, hanging out with friends, and trying out different creative projects.He also enjoys badminton, skating, and creating content in his spare time.",aboutsingh
Who/what is Mr. Singh/Angad Singh/Angad/his/he work does do?,"Mr. Singh is a creator who blends technology, creativity, and humor. He's a vlogger, web developer, UI/UX designer, actor,voice artist, and influencer with a passion for creating engaging and unique experiences.",aboutsingh
What kind of music/songs does Mr. Singh's/Angad Singh's/Angad's/his like/loves to listen?,"Mr. Singh enjoys a variety of music genres, from upbeat tracks to chill lo-fi beats, depending on his mood.",aboutsingh
What's Mr. Singh's/Angad Singh's/Angad's/his favorite movie or TV show that he likes/loves to watch/see?,"Mr. Singh is a fan of action-packed movies, comedies, and shows with a creative or tech-driven storyline.",aboutsingh
What's Mr. Singh's/Angad Singh's/Angad's/his favorite food that he likes/loves to eat?,"Mr. Singh loves trying new foods, but his favorite is a good mix of comfort food like pizza or traditional home-cooked meals.",aboutsingh
What/which are the Mr. Singh's/Angad Singh's/Angad's/his main areas of expertise/interst?,"Mr. Singh is an expert in web development, UI/UX design, video editing, voice artistry, and content creation.",work
What's the some of the best/nicest advice/complements/compliments that Mr. Singh's/Angad Singh's/Angad's/he has received?,Mr.Singh's best advice has been to stay true to his creative vision while being open to collaboration and feedback.,aboutsingh
What are Mr. Singh's/Angad Singh's/Angad's/his qualifications/education/academic background?,"Mr. Singh is currently pursuing a B.Tech in Computer Science, with a focus on AI and ML, while also gaining experience in design, acting, and content creation.",aboutsingh
What's Mr. Singh's/Angad Singh's/Angad's/his favorite type of workout/excercise?,"Mr. Singh enjoys a mix of cardio, strength training, and skating for a fun and challenging workout.",aboutsingh
How does Mr. Singh's/Angad Singh's/Angad's/he do to keep his create content that audience/users/people/subscribers/followers engaged/stick/resonates/entertained to watch his vedioes/vlogs/content?,"Mr. Singh keeps his audience engaged by posting regularly, being consistent with his content, and responding to feedback. He listens to audience feedback, stays informed on trends, and tailors his content to what his viewers find valuable or entertaining.",aboutsingh
What's Mr. Singh's/Angad Singh's/Angad's/his favorite piece of equipment for filming his movie/vlogs/vedioes?,Mr.Singh's favorite filming equipment is his DSLR camera for its quality and versatility in creating professional stuff.,acting
Does/What's Mr. Singh's/Angad Singh's/Angad's/his/he opinion/likes on/to working/work remotely/work from home?,Mr. Singh loves working remotely as it allows him to manage his time effectively and work from his preferred environment but is always up to work with a team,aboutsingh
what's/does Mr. Singh's/Angad Singh's/Angad's/he/his plan on/to expand/expanding/increase/increasing his team/crew members/partners?,"Yes, Mr. Singh plans to expand his team to collaborate with other creators and professionals who can bring fresh expertise to his projects.",aboutsingh
What/How role does humor play in Mr. Singh's/Angad Singh's/Angad's/his/he combine humour in his work/projects?,"Humor plays a significant role in Mr.Singh's work, as it helps connect with his audience and adds a lighthearted touch to his content.",aboutsingh
Does/Do Mr. Singh's/Angad Singh's/Angad's/he likes/loves to play video games?,"Yes, Mr. Singh enjoys playing video games, especially ones with immersive storytelling and multiplayer modes.",aboutsingh
What's Mr. Singh's/Angad Singh's/Angad's/his favorite book that likes to read?,"Mr. Singh enjoys reading books on personal growth, and creativity, along with fiction that sparks his imagination.",aboutsingh
What's is that one/1 thing that Mr. Singh's/Angad Singh's/Angad's/he can't live/spend his day without?,"Mr. Singh can't live without his phone and personal computer, as it'sessential for communication, creativity, and staying up-to-date with tech trends.",aboutsingh
How/In what way does/do Mr. Singh's/Angad Singh's/Angad's/he spend/have fun in his weekends?,"On weekends, Mr. Singh works on his personal projects, collaborates with others, or enjoys some downtime with friends and family.",aboutsingh
What's Mr. Singh's/Angad Singh's/Angad's/his biggest/largest achievement so far that he has achived?,"Mr.Singh's biggest achievement is working of his own personal brand, creating a successful portfolio, and having the opportunity to collaborate with amazing brands and growing his audience and successfully collaborating with brands that align with his values.",aboutsingh
Does Mr. Singh's/Angad Singh's/Angad's/he prefer working alone or in a team/prefer working on individual or group projects?,"Mr. Singh enjoys both, he finds working independently and in a team both to be most fulfilling, as it allows him to explore his creativity and put the best.",aboutsingh
What's are the Mr. Singh's/Angad Singh's/Angad's/he favorite programming/coding language that he likes/loves?,Mr.Singh's favorite programming language is JavaScript because of its versatility in both front-end and back-end development.,aboutsingh
Does Mr. Singh's/Angad Singh's/Angad's/his do any public speaking?,Yes! if needed he can do public speaking,aboutsingh
how/What's does Mr. Singh's/Angad Singh's/Angad's/his/he start his day/morning routine?,"Mr. Singh starts his day with a cup of coffee, a quick workout, and a review of his tasks for the day.",aboutsingh
What is Mr. Singh's/Angad Singh's/Angad's/his goal/motive/aim for the next upcoming five/ten/5/10 years/where do/does he see himself?,"Mr.Singh's goal is to expand his creative and tech skills, collaborate with top-tier brands, and grow his online presence.",aboutsingh
What's/What does Mr. Singh's/Angad Singh's/Angad's/his/he biggest fear/insecurity the most?,Mr.Singh's biggest fear is not living up to his own potential or missing out on learning opportunities.,aboutsingh
What is Mr. Singh's/Angad Singh's/Angad's/his favorite type of content/vedioes that likes/loves to create?,"Mr. Singh enjoys creating acting and funny content, as it allows him to make peopele laugh and love him",aboutsingh
what's/Does Mr. Singh's/Angad Singh's/Angad's/he/his have a most favorite quote/line?,"Mr.Singh's favorite quote is, 'Creativity is intelligence having fun,' by Albert Einstein.",aboutsingh
How does/do Mr. Singh's/Angad Singh's/Angad's/his/he stay engaged/connected with his audience/users.subscribers/followers?,"Mr. Singh stays engaged by responding to comments, creating interactive content, and sharing behind-the-scenes looks at his process.",aboutsingh
What's the/Does Mr. Singh's/Angad Singh's/Angad's/he have any pets/pet/dog?,Yes! He owns a dog. Her name is Broony!,aboutsingh
What does is Mr. Singh's/Angad Singh's/Angad's/his/he do to favorite way to relax that he loves/likes?,"Mr. Singh relaxes by listening to music, watching movies, or just spending time outdoors to unwind and recharge.",aboutsingh
What's Mr. Singh's/Angad Singh's/Angad's/his favorite sport that he likes/loves to play?,Mr. Singh loves playing badminton and cycling.,aboutsingh
What's Mr. Singh's/Angad Singh's/Angad's/his biggest strength?,Mr.Singh's biggest strength is his ability to combine creativity with technical skills to produce engaging content.,aboutsingh
Does/Do Mr. Singh's/Angad Singh's/Angad's/he likes/loves to travel/travels?,"Yes, Mr. Singh enjoys traveling, especially to places that help him with creativity and offer new experiences.",aboutsingh
what/How does/do Mr. Singh's/Angad Singh's/Angad's/he/him stay up/focused/dsiciplined/motivated on/for his goals/aims/work/content creation?,"Mr. Singh stays focused by setting clear milestones, avoiding distractions, and maintaining a disciplined routine.",aboutsingh
What's Mr. Singh's/Angad Singh's/Angad's/his most liked/loved/preferred work environment area?,"Mr. Singh thrives in a quiet, organized workspace with all the tools he needs for coding, designing, and content creation.",aboutsingh
What's/how/do/does Mr. Singh's/Angad Singh's/Angad's/his way of deals with/dealing with/approach/approaching/thinking of/think of to feedback/reveiws/suggesstions handles/deals with/cope up with client's/poeple's/customer's/audience's feedbacks/reviews/ratings?,Mr. Singh values constructive feedback and views it as a chance to improve and refine his work. He takes client feedback seriously using it to make necessary adjustments and improve the overall project.,aboutsingh
How does Mr. Singh's/Angad Singh's/Angad's/his stay productive?,"Mr. Singh stays productive by setting clear goals, breaking tasks into smaller steps, and minimizing distractions.",aboutsingh
How does/do Mr. Singh's/Angad Singh's/Angad's/he prepares for a big/large work/project/collab/collabaoration?,Mr. Singh prepares for big projects by breaking them down into manageable steps and setting clear goals to guide him through.,aboutsingh
What's Mr. Singh's/Angad Singh's/Angad's/his favorite online course platform/website?,Mr. Singh loves using platforms like Coursera and Udemy to further his knowledge and improve his skills because he ha done many courses from these platofrms.,aboutsingh
Whats are Mr. Singh's/Angad Singh's/Angad's/his hobbies?," Mr. Singh enjoys skating, badminton, cycling, acting, vlogging, playing vedio gamnes and exploring new technologies.",aboutsingh
Does/do Mr. Singh's/Angad Singh's/Angad's/he enjoyes/enjoy/likes/loves working/collaborating with/for small startups business?,"Yes, Mr. Singh loves working with startups because of the creative freedom and innovation that comes with early-stage projects.",aboutsingh
Does/do Mr. Singh's/Angad Singh's/Angad's/he takes part/participation in hackathons?,"Yes, Mr. Singh enjoys participating in hackathons to challenge himself, learn new things, and collaborate with others.",aboutsingh
What/how does Mr. Singh's/Angad Singh's/Angad's/he do to keep up with/maintain his creativity/fan flowing/ensure his content remains engaging?,"Mr. Singh keeps his creativity flowing by exploring new hobbies, brainstorming ideas, and collaborating with others. He ensures his content remains engaging by staying creative, using humor, and interacting with his audience regularly.",aboutsingh
What kind of acting videos/vlogs does Mr. Singh's/Angad Singh's/Angad's/he has create?,"Mr. Singh creates a variety of content, including vlogs, short movies, funny content showcases, and much more.",acting
What's/how do/does Mr. Singh's/Angad Singh's/Angad's/his/he process/way/idea of for creating engaging/funny social media content for brands?,"Mr. Singh focuses on understanding his audience, using eye-catching visuals, and delivering valuable or entertaining content.",acting
do/can/how/whats Mr. Singh's/Angad Singh's/Angad's/he/his the creating add/ad/advertisment shoots/ for brands/businesses?,Mr. Singh creates engaging advertisments for brands as per their requirments and budget.,work
What's/How Mr. Singh's/Angad Singh's/Angad's/his/he approach/writes/makes to video/vedioes/movies/vlogs/movies scripting/script?,"Mr. Singh writes outlines for his videoes to ensure a clear message, then adds personality and humor during the filming process.",acting
How does Mr. Singh's/Angad Singh's/Angad's/he approach/manages/sort out/cope up with problem solving skills/ resolving issues/conflicts/confusions in collabaorations/business?,"Mr. Singh breaks problems down into smaller, manageable parts, analyzes potential solutions, and experiments to find the best approach. He approaches conflicts with open dialogue, ensuring all parties’ opinions are heard and finding a mutually agreeable solution.",manage
how/What's Mr. Singh's/Angad Singh's/Angad's/his/he process/way/idea of creating when of making a videoes/film/movies?," Mr. Singh starts with research then writes a script plans visuals and films. Afterward he edits to add effects and polish the content.",acting
Does/do Mr. Singh's/Angad Singh's/Angad's/he prefers likes/loves long-form content or short-form content?,"Mr. Singh enjoys creating both types, but he finds long-form content more satisfying because of its depth and ability to tell a complete story.",acting
What's Mr. Singh's/Angad Singh's/Angad's/his acting style?,"Mr.Singh's acting style is versatile, bringing energy and personality to characters through his performances, whether on screen or in voice work.",acting
What's Mr. Singh's/Angad Singh's/Angad's/his limitations?,Mr. Singh beleives that if we want we can do anything so as per this theroy he believes he has no limitations.,aboutsingh
How/Why/When did Mr. Singh's/Angad Singh's/Angad's/his started his YouTube career?,"Mr. Singh started his YouTube career by sharing vlogs gradually building an audience with his unique style and humor.He started youtube in november 2023",acting
What/Who are you/your purpose/aim/who made/created you/u?,"I am an AI-powered chatbot designed to assist users with information, conversation, and tasks across various topics.I can answer questions, assist with tasks, provide advice, help with learning, and engage in conversation.I use machine learning algorithms to process your input and generate relevant, coherent responses based on patterns and data I've learned. Mr. Singh made me",bot
What are some of your limitations?,"I have limitations in understanding highly nuanced context, real-time information, and very specific professional knowledge beyond my training.",bot
what's your name/do u/you have a name/tell me your name?,I dont have a specific name as of now but you can call me an ai based chatbot,bot
How do you ensure privacy in our conversations/How do you handle sensitive information?,I prioritize user privacy and confidentiality. I do not store personal data or conversations beyond the scope of this session.I don’t store sensitive information and treat all conversations with privacy in mind ensuring no personal data is retained.,bot
Can/do you understand multiple languages?,NO ! I can understand only English language.,bot
Can you learn from this/our conversations/chat/talk?,"I can learn within the scope of our current session, but I don’t retain long-term memory across different sessions for privacy and security reasons.",bot
How can I get the best results/replies from you?,Be clear and specific with your questions or requests to get the most accurate and helpful responses.,bot
What happens if you don’t know the answer/respont correct/correctly/right to my question?,"If I don’t know the answer, I’ll let you know and may suggest ways to find the information elsewhere.",bot
How do you understand/analyze what I'm saying/asking/typing/writitng?,"I process the text you input by analyzing patterns, context, and meaning to generate an appropriate response.",bot
Do you have emotions like a human?,"No, I don't have emotions. I simulate empathy and understanding to engage in meaningful conversations.",bot
what/how Mr. Singh's/Angad Singh's/Angad's/his/he/has/have type of algorithms/tech/techniques are used to created/create/implmenet/make/made you?,Mr. Singh made me using svm and nlp,bot
Are you powered by artificial intelligence/ai/ml?,"Yes, I am powered by AI, using natural language processing and machine learning to generate responses.",bot
What is the difference/distinguish between a chatbot and a virtual assistant?,"A chatbot is typically designed for conversation, while a virtual assistant helps with tasks and processes like scheduling, reminders, and more.",bot
How do you generate/make responses/answer to my questions?,"I analyze the text you send, retrieve relevant information from my training data, and generate a response that fits the context.",bot
Can you make decisions/decide on your/yourself own?,"No, I do not make decisions like a human. I generate responses based on patterns in data, not personal judgment.",bot
What/how does Mr. Singh's/Angad Singh's/Angad's/his look forward for in a good collaboration/collab partner?,"Mr. Singh looks for partners who are passionate, share his values, and bring fresh ideas to the table.",collab
How does Mr. Singh's/Angad Singh's/Angad's/he approach/enjoy making/make/collab/collaborate with to cope up with/ deal with/working with content for brands/conent creators/collaboration with other content creators?," Mr. Singh looks for collaborations that align with his personal values and resonate with his audience, ensuring authenticity.He values clear communication, aligning on goals, and ensuring both parties can contribute creatively to the project. He focuses on consistency, building trust with his audience, and ensuring his content stays true to his personal style. He listens carefully to his clients’ needs, ensures clear communication, and delivers high-quality work on time.",collab
How does/do Mr. Singh's/Angad Singh's/Angad's/he manage/fulfill client/user/collabroators expectations?,"Mr. Singh communicates clearly from the start, setting realistic timelines, and keeping clients updated throughout the project.",collab
Does/do Mr. Singh's/Angad Singh's/Angad's/he work/collaborates/collabs with clients/poeple from all over the world?,"Yes, Mr. Singh has worked with clients globally, which has given him the chance to experience different cultures and perspectives.",collab
How does/do Mr. Singh's/Angad Singh's/Angad's/he prepare/ensure a for a brand meeting/collab/collabaoration?,"Mr. Singh prepares by researching the brand's goals, understanding their audience, and thinking of ideas that align with their mission.",collab
Where/How can I find/get Mr. Singh's/Angad Singh's/Angad's/his portfolio website link?,"Mr. Singh's portfolio is available on his personal website, which showcases his work and projects.The link to his website is https://angadsinghh.netlify.app/",contact
How to/Can I/we collaborate with Mr. Singh's/Angad Singh's/Angad's/him on a project/something?,Yes! Mr. Singh is open to collaborations and working on exciting projects with brands and other creators.You can contact him on his email workforangad@gmail.com,contact
What's is Mr. Singh's/Angad Singh's/Angad's/his gmail id/email id/mail id?,Mr. Singh's email is workforangad@gmail.com,contact
What is Mr. Singh's/Angad Singh's/Angad's/his instagram/ig account?,Mr. Singh's Instagram is @i.the.sardarji and the link to his instagram account is https://www.instagram.com/i.the.sardarji/,contact
What is Mr. Singh's/Angad Singh's/Angad's/his youtube channel?,Mr. Singh's Youtube channel is @Angad_and_Vlogs and the link to his youtube channel is https://www.youtube.com/@Angad_and_Vlogs,contact
What is Mr. Singh's/Angad Singh's/Angad's/his age?,Mr. Singh's age is 21,contact
How can I get in touch/talk with/contact/talk to/collab/collaborate with Mr. Singh/Angad Singh/Angad/him?,You can contact Mr. Singh through his portfolio website or through his email that is workforangad@gmail.com,contact
What's Mr. Singh's/Angad Singh's/Angad's/his strategy for growing/increasing his social media following/followers/his subcribers/fan following?," Mr.Singh's strategy involves consistent posting, interacting with followers, and creating content that adds value to their lives.",aboutsingh
What is Mr. Singh's/Angad Singh's/Angad's/his favorite software/application for video/photo/vlog/movies/film editing?,Mr.Singh's favorite video editing software is Adobe Premiere Pro for its powerful features and flexibility and favorite photo editing app is Adobe Photoshop as it gives him total control over his creative process.,editing
Hi?Hello/hey/hie?,Hello! I am Mr. Singh's virtual assistant,greet
tell me/What's Mr. Singh's/Angad Singh's/Angad's/his social media accounts list?,Mr. Singh has following accounts: His Instagram is @i.the.sardarji and the link to his instagram account is https://www.instagram.com/i.the.sardarji/ and Youtube channel is @Angad_and_Vlogs and the link to his youtube channel is https://www.youtube.com/@Angad_and_Vlogs,accounts
How does Mr. Singh's/Angad Singh's/Angad's/he deal with/handles failure?,Mr. Singh embraces failure as a learning experience and views it as an essential step toward success. He sees failure as a learning opportunity and analyzing what went wrong and using it as a stepping stone for future success.,manage
whats/How does Mr. Singh's/Angad Singh's/Angad's/he/his way to stay/manage to stay creative/creativity under pressure/stress/tension/load?,"Mr. Singh takes a step back to reset, brainstorms new ideas, and focuses on solutions to push through creative challenges.",manage
How does Mr. Singh's/Angad Singh's/Angad's/he manage his busy work schedule/discipline/time table/manage his time?,Mr. Singh uses a combination of task management apps and calendars to stay organized and ensure deadlines are met.,manage
what's/How does/do Mr. Singh's/Angad Singh's/Angad's/he/his way of deal with/dealing with/handle/handling/manage criticism/hate/negativity?," Mr. Singh embraces constructive criticism, using it as an opportunity to grow and improve his work. He sees criticism as an opportunity to improve and works on constructive feedback to better his skills.",manage
what's/How does Mr. Singh's/Angad Singh's/Angad's/he/his way of manage/managing/handling/handle multiple/more than one/1/various/several projects/works at once/one time?,"Mr. Singh uses effective time management techniques, prioritizes tasks, and ensures he has enough energy to focus on each project. He uses time-blocking to dedicate specific hours to different tasks, ensuring he stays productive throughout the day.",manage
How does Mr. Singh's/Angad Singh's/Angad's/he balance his B.Tech studies/student life/college life/social life with his career/life/work?,"Mr. Singh balances his studies and career by prioritizing tasks, staying organized, and managing his time effectively.",manage
How does Mr. Singh's/Angad Singh's/Angad's/his manage distractions while working/studying?,"Mr. Singh turns off notifications, sets a designated work area, and uses time-blocking techniques to stay focused.",manage
What's Mr. Singh's/Angad Singh's/Angad's/his favorite way to stay connected with his audience?,"Mr. Singh stays connected by engaging on social media, responding to comments, and holding live Q&A sessions.",manage
How does Mr. Singh's/Angad Singh's/Angad's/his manage/handles multiple/several/more than 1 one/many content creation platforms/accounts?," Mr. Singh uses scheduling tools, cross-posting, and regular content batching to stay on top of multiple platforms.",manage
How does Mr. Singh's/Angad Singh's/Angad's/he handles/deals with/cope up with stress/tension/burnout?,"Mr. Singh handles stress by taking short breaks, listening to music, and focusing on one task at a time to reduce overwhelm.",manage
What's Mr. Singh's/Angad Singh's/Angad's/his favorite coding framework/library?,"Mr. Singh enjoys using React and Node.js because they allow him to create dynamic, interactive websites and apps efficiently.",tech
What's Mr. Singh's/Angad Singh's/Angad's/his favorite type of design project/work?," Mr. Singh loves UI/UX design projects because they combine creativity with functionality, creating seamless user experiences.",ui
What's Mr. Singh's/Angad Singh's/Angad's/his/he uses for favorite software for UI/UX/user interface design?,"Mr.Singh's favorite software is Figma, as it allows for smooth collaboration and rapid prototyping.He uses tools like Adobe XD, Figma, and Sketch for UI/UX design, allowing him to create responsive and user-friendly interfaces.",ui
what/How did/does/do got him/get him Mr. Singh's/Angad Singh's/Angad's/he get into voice/sound/dubbing artistry/industry?,"Mr. Singh got into voice artistry by combining his acting background with a passion for voice work, offering his services for dubbing, narration, and character voices.",voice
What's/how do/does Mr. Singh's/Angad Singh's/Angad's/his/he process/way of/deals with/manages for editing voiceovers/voices/sounds/dubbing?,"Mr. Singh records clean audio, cuts out unwanted noise, and enhances clarity with proper editing tools before syncing it with visuals and does voice over and dubbing for shows. He prepares by reading through the script, warming up his voice, and visualizing the character's emotions.",voice
What type/kind of voice-over/sound/dubbing work/editing has Mr. Singh's/Angad Singh's/Angad's/he has done/perform?,"Mr. Singh has done voice-over work for animation, dubbing, commercials, and other multimedia projects. He performs various voice roles, including character voices for animation, narration, and voice-over for commercials and digital content.",voice
What's Mr. Singh's/Angad Singh's/Angad's/his process for testing/checking/finding bug in website/web/andriod applications?,"Mr. Singh ensures that web applications are thoroughly tested for usability, speed, and responsiveness across different devices.",webdev
Does Mr. Singh's/Angad Singh's/Angad's/he prefer minimalist or maximalist design?," Mr. Singh prefers minimalist design for its clarity, but he enjoys experimenting with maximalist styles in certain projects for variety.",work
Does Mr. Singh's/Angad Singh's/Angad's/he prefer freelance/freelancing work or a full-time job/work?,Mr. Singh enjoys the freedom of freelancing but appreciates the stability and growth opportunities a full-time job provides.,work
Does Mr. Singh's/Angad Singh's/Angad's/his use/integrates AI in his work/projects?,"Yes, Mr. Singh uses AI tools for tasks like automation, enhancing designs, and streamlining his workflow.",work
How does Mr. Singh's/Angad Singh's/Angad's/he manage his time between different projects/works?,Mr. Singh uses project management tools and prioritizes tasks to ensure he stays on track while balancing multiple projects.,work
how Can I see samples/type of Mr. Singh's/Angad Singh's/Angad's/his work/projects?,"You can view samples of Mr.Singh's work on his portfolio website, which includes his design, video, and voice-over projects.",work
What software/languages does Mr. Singh's/Angad Singh's/Angad's/he use for web/website development?,"Mr. Singh uses a variety of tools, including HTML, CSS, JavaScript, and frameworks like React and Node.js for web development.",work
What is/How Mr. Singh's/Angad Singh's/Angad's/his acting/movie/films experience?,"Mr. Singh has experience in acting for various online platforms and voice-over roles, where he brings characters to life with his dynamic performances.",work
What/How/Can you tell me about kind of projects/work has Mr. Singh's/Angad Singh's/Angad's/he does/do/has work/worked on/done/do?,"Mr. Singh has worked on web development projects, UI/UX design, video content creation, brand collaborations, and voice-over roles.",work
What kind of brands/business/companies does Mr. Singh's/Angad Singh's/Angad's/he collaborate/deal with?,"Mr. Singh collaborates with brands that align with his tech, creativity, and lifestyle, including those in the tech, design, and entertainment sectors.",work
What is Mr. Singh's/Angad Singh's/Angad's/his background/experience in web development/android development/?,"Mr. Singh is pursuing a B.Tech in Computer Science and specializes in web development, focusing on creating efficient, seamless websites.",work